n,bi_us,zint_us,zint_over_bi
1,0.000,0.001,2.998660
2,0.001,0.002,2.435588
4,0.001,0.001,1.043238
8,0.002,0.001,0.543965
16,0.004,0.002,0.427709
32,0.008,0.003,0.341432
64,0.016,0.005,0.286677
128,0.035,0.012,0.358476
256,0.068,0.018,0.266791
512,0.142,0.029,0.205160
1024,0.266,0.054,0.203951
2048,0.570,0.287,0.504829
4096,1.407,0.580,0.412342
8192,2.825,1.165,0.412489
16384,5.330,2.321,0.435455
